<publishData>
  <publishTarget publishUrl="C:\ServiceTest\">
    <file relUrl="Web.config" publishTime="06/30/2018 01:41:34" />
    <file relUrl="bin/AddressBook.Common.dll" publishTime="06/30/2018 01:43:10" />
    <file relUrl="bin/EntityFramework.dll" publishTime="10/22/2017 22:15:18" />
    <file relUrl="bin/DataLayer.dll" publishTime="06/30/2018 01:43:11" />
    <file relUrl="packages.config" publishTime="06/29/2018 18:28:07" />
    <file relUrl="bin/AddressBook.Common.pdb" publishTime="06/30/2018 01:43:10" />
    <file relUrl="bin/EntityFramework.xml" publishTime="10/22/2017 22:15:20" />
    <file relUrl="AddressBookService.cs" publishTime="06/29/2018 18:26:13" />
    <file relUrl="AddressBook.Service.csproj" publishTime="06/30/2018 01:38:31" />
    <file relUrl="Properties/AssemblyInfo.cs" publishTime="06/29/2018 11:41:43" />
    <file relUrl="bin/AddressBook.Service.dll" publishTime="06/30/2018 01:43:12" />
    <file relUrl="bin/AddressBook.Service.dll.config" publishTime="06/30/2018 01:41:34" />
    <file relUrl="AddressBook.Service.csproj.user" publishTime="06/30/2018 01:38:31" />
    <file relUrl="bin/EntityFramework.SqlServer.xml" publishTime="10/22/2017 22:15:20" />
    <file relUrl="bin/DataLayer.pdb" publishTime="06/30/2018 01:43:11" />
    <file relUrl="App.config" publishTime="06/30/2018 01:41:34" />
    <file relUrl="AddressBookService.AddressBookService.svc" publishTime="06/30/2018 01:44:08" />
    <file relUrl="IAddressBookService.cs" publishTime="06/29/2018 11:41:43" />
    <file relUrl="bin/EntityFramework.SqlServer.dll" publishTime="10/22/2017 22:15:20" />
    <file relUrl="bin/AddressBook.Service.pdb" publishTime="06/30/2018 01:43:12" />
  </publishTarget>
</publishData>